"id","his_user","is_allow","note1","note2","note3"
"1","sa","1",,,
"2","admin","1",,,
"3","unchisa","1",,,
"4","champ","1",,,
"5","kunyaluk","1","","",""
"6","opd16","1","","",""
"7","ANC33","1","","",""
"8","a","1","","",""
"9","apisek","1","","",""
"10","smratq","1","","",""
"11","Code_Management_Cont","1","","",""
"12","ER2","1","","",""
"13","newuser","1","","",""
"14","aom1","1","","",""
"15","aor01","1","","",""
"16","aor1","1","","",""
"17","tnutpon","1","","",""
"18","tnutpon1","1","","",""
"19","are","1","","",""
"20","dent","1","","",""
"21","move_All_person_out","1","","",""
"22","opd5","1","","",""
"23","ksp1","1","","",""
"24","mon","1","","",""
"25","opd2","1","","",""
"26","opd3","1","","",""
"27","opd4","1","","",""
"28","opd6","1","","",""
"29","opd7","1","","",""
"30","opd8","1","","",""
"31","er9","1","","",""
"32","lee","1","","",""
"33","opd13","1","","",""
"34","choo","1","","",""
"35","opd11","1","","",""
"36","opd12","1","","",""
"37","narumon28","1","","",""
"38","tee","1","","",""
"39","opd15","1","","",""
"40","pradit","1","","",""
"41","dyare","1","","",""
"42","champ555","1","","",""
"43","ER11","1","","",""
"44","45289","1","","",""
"45","nui","1","","",""
"46","tum","1","","",""
"47","jaeb","1","","",""
"48","pa","1","","",""
"49","tem","1","","",""
"50","mump","1","","",""
"51","chol","1","","",""
"52","aoy","1","","",""
"53","aoy1","1","","",""
"54","war02","1","","",""
"55","poopriao","1","","",""
"56","koon","1","","",""
"57","wamwisa","1","","",""
"58","armpat","1","","",""
"59","chindara","1","","",""
"60","kung","1","","",""
"61","pom","1","","",""
"62","khimzz","1","","",""
"63","oil","1","","",""
"64","pamisa","1","","",""
"65","sadet","1","","",""
"66","nksp","1","","",""
"67","nit","1","","",""
"68","air","1","","",""
"69","กาญจณี","1","","",""
"70","kae","1","","",""
"71","bank","1","","",""
"72","podchara","1","","",""
"73","sunisa","1","","",""
"74","kang","1","","",""
"75","Fon","1","","",""
"76","phar1","1","","",""
"77","trp","1","","",""
"78","47969","1","","",""
"79","komnapat","1","","",""
"80","47675","1","","",""
"81","intern087","1","","",""
"82","palita","1","","",""
"83","sudamanee","1","","",""
"84","41661","1","","",""
"85","50093","1","","",""
"86","DRKNPH","1","","",""
"87","krishna","1","","",""
"88","วารุณี","1","","",""
"89","DRSWN","1","","",""
"90","meow","1","","",""
"91","supich","1","","",""
"92","thitipon","1","","",""
"93","ER3","1","","",""
"94","nareerat","1","","",""
"95","chawaporn","1","","",""
"96","kik","1","","",""
"97","SUPAWITH","1","","",""
"98","preeyanut","1","","",""
"99","bee","1","","",""
"100","โชติกา","1","","",""
"101","new","1","","",""
"102","ปิยะวัตร","1","","",""
"103","พิชชาพร","1","","",""
"104","Rattapon","1","","",""
"105","king","1","","",""
"106","muanjan","1","","",""
"107","chonnikan","1","","",""
"108","toom","1","","",""
"109","dam","1","","",""
"110","koy","1","","",""
"111","4810559mi","1","","",""
"112","kittipon","1","","",""
"113","siwaporn","1","","",""
"114","usa","1","","",""
"115","narin","1","","",""
"116","nicha","1","","",""
"117","แพรว","1","","",""
"118","pui","1","","",""
"119","tarn","1","","",""
"120","551234","1","","",""
"121","er4","1","","",""
"122","er123","1","","",""
"123","aek","1","","",""
"124","toon","1","","",""
"125","mimmim","1","","",""
"126","sarayut","1","","",""
"127","sirikun","1","","",""
"128","Nat","1","","",""
"129","jane","1","","",""
"130","auay","1","","",""
"131","siriporn","1","","",""
"132","sukanya","1","","",""
"133","IPD5","1","","",""
"134","karn11","1","","",""
"135","nutthaporn","1","","",""
"136","mal755","1","","",""
"137","mu368","1","","",""
"138","jib","1","","",""
"139","ppp","1","","",""
"140","faii","1","","",""
"141","peung","1","","",""
"142","pornsawan","1","","",""
"143","supatcha","1","","",""
"144","oa","1","","",""
"145","aor","1","","",""
"146","47993","1","","",""
"147","mkmonkey","1","","",""
"148","plaanaka","1","","",""
"149","ked","1","","",""
"150","eed","1","","",""
"151","ploy","1","","",""
"152","tiw586","1","","",""
"153","meen","1","","",""
"154","52915","1","","",""
"155","54751","1","","",""
"156","54769","1","","",""
"157","pearji","1","","",""
"158","marisa","1","","",""
"159","35778","1","","",""
"160","phu552","1","","",""
"161","yimmy","1","","",""
"162","kornkamon","1","","",""
"163","fang","1","","",""
"164","fang1","1","","",""
"165","dawj","1","","",""
"166","pronpan","1","","",""
"167","sai286","1","","",""
"168","narr","1","","",""
"169","Doctor36","1","","",""
"170","tom","1","","",""
"171","dic379","1","","",""
"172","man","1","","",""
"173","56314","1","","",""
"174","sunisab","1","","",""
"175","rujjaret","1","","",""
"176","suppalak","1","","",""
"177","teeraya","1","","",""
"178","wannapa","1","","",""
"179","met897","1","","",""
"180","nan","1","","",""
"181","aom2534","1","","",""
"182","achiraya","1","","",""
"183","tung","1","","",""
"184","wi2534","1","","",""
"185","patama36","1","","",""
"186","bkhun0539","1","","",""
"187","nong","1","","",""
"188","kusuman","1","","",""
"189","sarawut","1","","",""
"190","59341","1","","",""
"191","nutnicha","1","","",""
"192","zync15","1","","",""
"193","nattawut","1","","",""
"194","konwipha","1","","",""
"195","pppp","1","","",""
"196","siraprapha","1","","",""
"197","kan18","1","","",""
"198","nuntiya","1","","",""
"199","sasithorn","1","","",""
"200","aka941","1","","",""
"201","Nalin0020","1","","",""
"202","chadaporn","1","","",""
"203","sirirak","1","","",""
"204","ban","1","","",""
"205","orasa151","1","","",""
"206","Donnapa","1","","",""
"207","nokyupa","1","","",""
"208","sea","1","","",""
"209","marisa15","1","","",""
"210","3423","1","","",""
"211","3430","1","","",""
"212","aod2824","1","","",""
"213","Aniwat","1","","",""
"214","suj985","1","","",""
"215","tik","1","","",""
"216","tik1","1","","",""
"217","lexjung","1","","",""
"218","keng","1","","",""
"219","keng1","1","","",""
"220","rattikan","1","","",""
"221","63232","1","","",""
"222","por255","1","","",""
"223","60332","1","","",""
"224","Varothai","1","","",""
"225","arayawit","1","","",""
"226","ANC3","1","","",""
"227","Ptwan","1","","",""
"228","Lalita","1","","",""
"229","Pimwalun","1","","",""
"230","Jutarat","1","","",""
"231","Kittiya","1","","",""
"232","Fai921","1","","",""
"233","doctor006","1","","",""
"234","pchrv","1","","",""
"235","pat339","1","","",""
"236","cha116","1","","",""
"237","fair11","1","","",""
"238","aum","1","","",""
"239","DearJSK","1","","",""
"240","Wn2541","1","","",""
"241","ss11","1","","",""
"242","wannisa","1","","",""
"243","possavee","1","","",""
"244","kitiya","1","","",""
"245","narumon","1","","",""
"246","jatuporn","1","","",""
"247","thatsanee","1","","",""
"248","haruethaimat","1","","",""
"249","panadda","1","","",""
"250","uem","1","","",""
"251","Julalak","1","","",""
"252","Boy83941989","1","","",""
"253","Nat07","1","","",""
"254","apichaya","1","","",""
"255","chandchaya","1","","",""
"256","namfon","1","","",""
"257","dreamydear","1","","",""
"258","fiwsarocha","1","","",""
"259","nynxninc","1","","",""
"260","worathon","1","","",""
"261","kotchakorn","1","","",""
"262","ck1","1","","",""
"263","yaimainamo","1","","",""
"264","beam","1","","",""
"265","sur361","1","","",""
"266","lab77","1","","",""
"267","Pimpaporn","1","","",""
"268","Parichat","1","","",""
"269","Rujira","1","","",""
"270","Sutina","1","","",""
"271","Prapawarin","1","","",""
"272","Kantakarn","1","","",""
"273","Faiiiyana","1","","",""
"274","Tida","1","","",""
"275","Kanjana","1","","",""
"276","Temsiri","1","","",""
"277","Looksam36","1","","",""
"278","Anon2536","1","","",""
"279","bb369","1","","",""
"280","May","1","","",""
"281","Mook","1","","",""
"282","Pornipa","1","","",""
"283","Wisathit","1","","",""
"284","tha15","1","","",""
"285","jir017","1","","",""
"286","chayanee","1","","",""
"287","sup261","1",,,
"288","tha295","1",,,
"289","pokpaek","1",,,
"290","69555","1",,,
"291","Kittitad","1",,,
"292","pap065","1",,,
"293","Pimchanok","1",,,
"294","sam409","1",,,
"295","ath263","1",,,
